title,score,id,url,comms_num,created,body,timestamp
Comment,0,ej9xuaf,,0,1553474721.0,"What do you mean by ""your OP"". I am fairly new to reddit.",2019-03-25 02:45:21
Comment,1,ej9x2qr,,0,1553474147.0,"When they say there's no thimerasol, they mean in the childhood schedule. That IS a fact. ",2019-03-25 02:35:47
Comment,1,ejasy5x,,0,1553497556.0,"Just ethylmercury, which is a form of this thing called mercury...",2019-03-25 09:05:56
Comment,2,ejarnxh,,0,1553496600.0,You just went full retard.,2019-03-25 08:50:00
Comment,2,ejao1av,,0,1553493953.0,"Think about this. When you eat french fries, chloride isn't one of the fucking ingredients. So why do vaccines that have thimerasol, in your mind, contain mercury?",2019-03-25 08:05:53
Comment,2,ejanygr,,0,1553493898.0,What's in table salt?,2019-03-25 08:04:58
Comment,0,ejah7aa,,0,1553489130.0,"What is thimerosal? I know it's a compound, but what's in it? What's it made of?",2019-03-25 06:45:30
Comment,1,ejaglyf,,0,1553488704.0,"So you agree with the statement, ""Thimerosal is a mercury-containing organic compound.""?",2019-03-25 06:38:24
Comment,2,ejagid2,,0,1553488633.0,They're not lying! Your inability to grasp a simple concept makes me wonder how you breathe on your own. ,2019-03-25 06:37:13
Comment,3,ejagcz8,,0,1553488527.0,"That's not how chemistry works, Dr. Dumbass. If this were the case, table salt would literally kill you upon ingesting. ",2019-03-25 06:35:27
Comment,2,ejag8w0,,0,1553488447.0,"Sodium explodes in water and chloride is a poisonous gas. So, tell me, why are you concerned about thimerasol?",2019-03-25 06:34:07
Comment,1,ejag1r5,,0,1553488306.0,"I have not disputed this. Elements (mercury) are in compounds (thimerosal). Thimerosal, a compound, contains mercury, an element.",2019-03-25 06:31:46
Comment,0,ejaftc8,,0,1553488143.0,Sodium and chloride.,2019-03-25 06:29:03
Comment,3,ejafaqc,,0,1553487787.0,True or false: Compounds are not elements.,2019-03-25 06:23:07
Comment,2,ejaf2ms,,0,1553487634.0,Please tell me what table salt is made of. ,2019-03-25 06:20:34
Comment,2,ejae7fj,,0,1553487019.0,"True or false- ""Thimerosal is a mercury-containing organic compound.""???",2019-03-25 06:10:19
Comment,1,ejpjkm0,,0,1553943184.0,Why are you deleting all your comments?,2019-03-30 12:53:04
Comment,1,ejy4sim,,0,1554242883.0,Lol,2019-04-03 01:08:03
Comment,1,ejpwlwu,,0,1553957825.0,Sorry to hear about that. ,2019-03-30 16:57:05
Comment,1,ejyekic,,0,1554249972.0,Try [again](https://vaxopedia.org/2018/01/15/measles-propaganda-from-the-physicians-for-informed-consent/).,2019-04-03 03:06:12
Comment,1,es5vhbn,,0,1561630486.0,Unfortunately I'm 14...,2019-06-27 13:14:46
Comment,1,es4qj4v,,0,1561591251.0,What exactly do vaccines have to do with the distribution of crack?,2019-06-27 02:20:51
Comment,2,erwgdh5,,0,1561342802.0,Youâ€™ll be fine buddy just donâ€™t do stupid things for a selfie,2019-06-24 05:20:02
Comment,1,erunzi0,,0,1561290411.0,anti-vaxxer edit here:,2019-06-23 14:46:51
Comment,1,erunvbk,,0,1561290254.0,anti-vaxxers on this thread be like:,2019-06-23 14:44:14
Comment,1,erunpg5,,0,1561290032.0,ah shoot didnt see the ps...,2019-06-23 14:40:32
Comment,1,ere2wd8,,0,1560771379.0,"You can sue vaccine manufacturers. Kinda wasted your time, bud.",2019-06-17 14:36:19
Comment,1,er7jhn0,,0,1560579390.0,"My daughter never cried for any of her shots, she shrugged them off like a real trooper.",2019-06-15 09:16:30
Comment,1,eqv0zkt,,0,1560339043.0,Oki,2019-06-12 14:30:43
Comment,2,equl7sy,,0,1560331516.0,I can tell you pertussis can make you wish you were dead.,2019-06-12 12:25:16
Comment,3,eqt9zym,,0,1560306349.0,This is simply false,2019-06-12 05:25:49
Comment,1,eqsrk8s,,0,1560291954.0,But i never said anything so r/wooosh,2019-06-12 01:25:54
Comment,2,eqspgch,,0,1560290408.0,"Thanks, all! I know its completely silly, but STILL.",2019-06-12 01:00:08
Comment,2,eqjmj6e,,0,1560107625.0,Yeah I fell for the trap. Didnâ€™t see the bottom line. My bad.,2019-06-09 22:13:45
Comment,1,eqjj10p,,0,1560105703.0,"Suck your kids dick before they die, to prove they were alive you anti vaxxer thottiana hoe",2019-06-09 21:41:43
Comment,1,eqj3fdf,,0,1560098227.0,Yeh iknow im not tryna make fun of op just commenter,2019-06-09 19:37:07
Comment,1,eqj36iw,,0,1560098103.0,They have a vaccine for that ðŸ¤£ðŸ¤£ðŸ¤£,2019-06-09 19:35:03
Comment,0,eqi6mv3,,0,1560080303.0,I cant tell if your joking but if your not i hope you step on a rusty nail,2019-06-09 14:38:23
Comment,1,eqf1y0c,,0,1560013714.0,Adults are by far the worse side effect of any medicine.,2019-06-08 20:08:34
Comment,-4,eqevo1z,,0,1560010494.0,False. Nothing scientific in this statement. Just opinionated nonsense ðŸ™„,2019-06-08 19:14:54
Comment,1,eqdb7b1,,0,1559986524.0,now im not gonna woosh you but this was a joke lol,2019-06-08 12:35:24
Comment,1,eqd1c6n,,0,1559981998.0,Fix your grammar before you try to prove anything.,2019-06-08 11:19:58
Comment,1,eqd15ur,,0,1559981905.0,And u expect me to believe that at the age of 7 you knew what vaccines are?,2019-06-08 11:18:25
Comment,1,epuoqlm,,0,1559513094.0,What the fuck,2019-06-03 01:04:54
Comment,2,epkziuq,,0,1559284329.0,I would too!,2019-05-31 09:32:09
Comment,1,epk03tg,,0,1559264487.0,You got it bud,2019-05-31 04:01:27
Comment,1,epjzx5p,,0,1559264353.0,The earth is flat /s,2019-05-31 03:59:13
Comment,1,epjfv9b,,0,1559253331.0,You got it bud,2019-05-31 00:55:31
Comment,1,epj60gt,,0,1559248077.0,Jar jar binks was the best Star Wars character /s,2019-05-30 23:27:57
Comment,1,epgumzi,,0,1559218645.0,You got it bud,2019-05-30 15:17:25
Comment,1,epgudn1,,0,1559218547.0,Lol,2019-05-30 15:15:47
Comment,1,epgu5fx,,0,1559218458.0,You got it bud,2019-05-30 15:14:18
Comment,1,epe9wvh,,0,1559180221.0,Why did the chicken cross the road,2019-05-30 04:37:01
Comment,1,epa1zny,,0,1559120355.0,amen,2019-05-29 11:59:15
Comment,3,ep7rjsq,,0,1559085465.0,You are a true survivor. Thoughts and prayers,2019-05-29 02:17:45
Comment,1,ep5htzu,,0,1559056154.0,You got it bud,2019-05-28 18:09:14
Comment,1,eoxxm07,,0,1558930419.0,The Soviet onion was a salad,2019-05-27 07:13:39
Comment,1,eoqlnnn,,0,1558793747.0,Hell yeah brother!,2019-05-25 17:15:47
Comment,1,eomxyca,,0,1558698347.0,You got it bud,2019-05-24 14:45:47
Comment,1,eola9jr,,0,1558667797.0,You got it bud,2019-05-24 06:16:37
Comment,1,eoizfja,,0,1558630436.0,You got it bud,2019-05-23 19:53:56
Comment,-3,eoifp7x,,0,1558618656.0,SH*T NOT AGSIN!,2019-05-23 16:37:36
Comment,4,eoifnjp,,0,1558618625.0,"You again, have the wrong sub. Checked your post history. Read the sidebar. This is a satire subreddit.",2019-05-23 16:37:05
Comment,1,eohdphi,,0,1558578935.0,Rrdrdfryghuihiuhjjkmomok,2019-05-23 05:35:35
Comment,1,eobf5oc,,0,1558441125.0,You got it bud,2019-05-21 15:18:45
Comment,1,eoa0jte,,0,1558404600.0,Viola,2019-05-21 05:10:00
Comment,1,eo98f8c,,0,1558384929.0,You got it bud,2019-05-20 23:42:09
Comment,1,eo973pj,,0,1558383941.0,You are dumb,2019-05-20 23:25:41
Comment,1,eo5tbfx,,0,1558303487.0,You got it bud,2019-05-20 01:04:47
Comment,1,eo4wy1l,,0,1558286505.0,Lol,2019-05-19 20:21:45
Comment,1,eo4v2nl,,0,1558285507.0,You got it bud,2019-05-19 20:05:07
Comment,0,eo1y41z,,0,1558209078.0,What about cacti?,2019-05-18 22:51:18
Comment,1,eo1wsc0,,0,1558208304.0,You got it bud,2019-05-18 22:38:24
Comment,0,eo1p4n4,,0,1558203771.0,Um do you like them,2019-05-18 21:22:51
Comment,1,enz0z9d,,0,1558139838.0,You got it bud,2019-05-18 03:37:18
Comment,0,enyyax2,,0,1558137934.0,yeah thanks. anyways whats your opinion on cucumbers. Do you like them?,2019-05-18 03:05:34
Comment,1,enwl2fj,,0,1558098920.0,You got it bud,2019-05-17 16:15:20

